{"cameraMode":{"drawMode":0,"name":"Shaded","section":"Shading Mode"},"sceneLighting":false,"audioPlay":false,"sceneViewState":{"m_AlwaysRefresh":false,"showFog":true,"showSkybox":false,"showFlares":true,"showImageEffects":true,"showParticleSystems":true,"showVisualEffectGraphs":true,"m_FxEnabled":true},"in2DMode":false,"pivot":{"x":1.8176312446594239,"y":-0.09786701202392578,"z":0.4070615768432617},"rotation":{"x":-0.21898354589939118,"y":0.6845336556434631,"z":-0.22822001576423646,"w":-0.6567572355270386},"size":2.598076105117798,"orthographic":false}