{"cameraMode":{"drawMode":0,"name":"Shaded","section":"Shading Mode"},"sceneLighting":false,"audioPlay":false,"sceneViewState":{"m_AlwaysRefresh":false,"showFog":true,"showSkybox":true,"showFlares":true,"showImageEffects":true,"showParticleSystems":true,"showVisualEffectGraphs":true,"m_FxEnabled":true},"in2DMode":false,"pivot":{"x":0.8394629955291748,"y":-0.6266226768493652,"z":-1.4598995447158814},"rotation":{"x":0.27781587839126589,"y":0.36497166752815249,"z":-0.11507509648799896,"w":0.8811196088790894},"size":14.189432144165039,"orthographic":false}