{"cameraMode":{"drawMode":0,"name":"Shaded","section":"Shading Mode"},"sceneLighting":false,"audioPlay":false,"sceneViewState":{"m_AlwaysRefresh":false,"showFog":true,"showSkybox":true,"showFlares":true,"showImageEffects":true,"showParticleSystems":true,"showVisualEffectGraphs":true,"m_FxEnabled":true},"in2DMode":false,"pivot":{"x":2.3352651596069338,"y":-2.342892646789551,"z":-3.772706985473633},"rotation":{"x":0.48505648970603945,"y":0.0036723183002322914,"z":-0.002036128891631961,"w":0.8744747638702393},"size":16.568361282348634,"orthographic":false}