{"cameraMode":{"drawMode":0,"name":"Shaded","section":"Shading Mode"},"sceneLighting":true,"audioPlay":false,"sceneViewState":{"m_AlwaysRefresh":false,"showFog":true,"showSkybox":true,"showFlares":true,"showImageEffects":true,"showParticleSystems":true,"showVisualEffectGraphs":true,"m_FxEnabled":true},"in2DMode":false,"pivot":{"x":5.069882392883301,"y":-0.3403956890106201,"z":-4.5338969230651859},"rotation":{"x":-0.40856432914733889,"y":0.12720459699630738,"z":-0.057597994804382327,"w":-0.9019588828086853},"size":8.770054817199707,"orthographic":false}