{"cameraMode":{"drawMode":0,"name":"Shaded","section":"Shading Mode"},"sceneLighting":false,"audioPlay":false,"sceneViewState":{"m_AlwaysRefresh":false,"showFog":true,"showSkybox":false,"showFlares":true,"showImageEffects":true,"showParticleSystems":true,"showVisualEffectGraphs":true,"m_FxEnabled":true},"in2DMode":false,"pivot":{"x":0.4793948531150818,"y":0.9185875654220581,"z":-0.250410795211792},"rotation":{"x":-0.1424376517534256,"y":0.07358451187610626,"z":-0.010591663420200348,"w":-0.9870066046714783},"size":1.9905791282653809,"orthographic":false}